,x
1,탁현민  노마스크 한미정상회담  현장에서 최종 결정 
2,탁현민  文 바이든 노마스크 정상회담  美도착 후 결정 
3,탁현민  한미회담 최고의 황금비율  대통령 성품 드러났다 
4,네이버 출신 윤영찬 의원  국민의힘이 뉴스 관련 압력 행사 가장 많았다 
5,국힘  포털 출신 잇단 청와대行은 유착   민주  권장할만한 일 
6,윤영찬  네이버 시절 국민의힘 전신 가장 많은 압력  폭로할까 
7, 철도노조 체포방해  김정훈 前 전교조 위원장  무죄 확정
8, 철도노조 체포방해  김정훈 전 전교조위원장  무죄 확정
9, 철도노조 체포방해  김정훈 전 전교조위원장   대법 판단은 
10,작년 4분기 임금근로 일자리 50만개 증가  청년층은 9만개 줄어
11,제조업 일자리 5분기 연속 감소   공공 일자리 는 늘었다
12,작년 4분기 60대 일자리 최대 증가   2030  1년째 감소
13,한은  기준금리 0 5  1년째 동결  성장률 3→4   깜짝 상향 
14,전반기 軍 장성 인사  육군참모차장 황대일 靑국방개혁비서관 강신철
15,백신접종 현장 찾은 정은경    백신 안심하고 맞아도 된다 
16,美 백신 오는데  文대통령  대규모 한미훈련 어렵다  
17,바이든  코로나19 기원 추가조사 지시   우한 배제 않겠다는 신호 
18,공공기관 대기업 여성 근로자 임금  남성의 68 에 그쳐
19,세계 전기차 수요 2030년에 17배  전기차 배터리 국내 3사 역량 집중
20,테슬라  파운드리 공장 매입 및 반도체 부품 선결제 검토
21, 중국통일 국가안보 강조   홍콩  새 역사교육 지침 하달
22,김정은 행보 20일 이상 비공개  통일부  올해 두 번째 사례 
23,    얀센 백신  혈전 원인 찾았다   독일 연구진 해결책 제시
24,신현영   노마스크 계획표  김기현 언급에  무지몽매 
25,제19대 문재인 대통령
26,포토친구
27,서울포토
28,  사진관
29,                             1 위                             렌터카 업체서 싼값에 빌린 뒤 전세 렌트로 목돈  신종 기획사기 기승                         
30,                             2 위                              단독  가압류된 빌라에 단기월세   38세금조사과  빌라 500채 소유  빌라왕  잡았다                         
31,                             3 위                              외도 화나  지인들과 동거남 폭행  피해자 의식불명                         
32,                             4 위                              살날도 많은데 참지 말자  황혼이혼 1년새 17  급증                         
33,                             5 위                             김용민 도발에  김오수 없이 끝난 김오수 청문회                         
34,                         1 위                         文대통령  인생을 다시 산다면 나무를 전공하고 싶어  종합                      
35,                         2 위                         진중권  김남국은 멍청해도 착하지만 김용민은 멍청한데 사악해                      
36,                         3 위                         서민의 한숨  난 죽을 때까지  진보  응원할 줄 알았는데   조국 사태  벌어졌다                      
37,                         4 위                         비빔밥만 비벼졌다  文앞에서 고성까지 오간 靑회동 122분                     
38,                         5 위                          정민이 엄마  식음 전폐하고 입장문 써  친구  티셔츠도 버렸다                      
39, 영상  페트병 몸에 달고 목숨 건 헤엄  울음 터뜨린 소년
40,이준석 물 들어오자 남성잡지  맥심 이 노젓는 이유
41,개성 강한 글씨체  칠곡할매글꼴  전국으로 확산
42, 암 가족력  있으면  절대 먹지 말아야 할 음식 8가지
43,술 취한 여성 승객 모텔 데려간 버스 기사 입건
44, 여수 남해 10분만에 이동  엄청난 관광 시너지 
45, 타이레놀 없어요    백신 접종 영향에 두 달째 진통제 수급난
46,몰카범 잡았더니  아내는  대성통곡  장모는  신발 옷 다 폐기  왜 
